{"cameraMode":{"drawMode":0,"name":"Shaded","section":"Shading Mode"},"sceneLighting":false,"audioPlay":false,"sceneViewState":{"showFog":true,"showMaterialUpdate":false,"showSkybox":false,"showFlares":true,"showImageEffects":true,"showParticleSystems":true},"in2DMode":false,"pivot":{"x":19.025310516357423,"y":0.9611799716949463,"z":0.4699978232383728},"rotation":{"x":-0.11038870364427567,"y":0.19458280503749848,"z":-0.0220676027238369,"w":-0.9744243025779724},"size":2.0217671394348146,"orthographic":false}