{"cameraMode":{"drawMode":0,"name":"Shaded","section":"Shading Mode"},"sceneLighting":false,"audioPlay":false,"sceneViewState":{"showFog":true,"showMaterialUpdate":false,"showSkybox":false,"showFlares":true,"showImageEffects":true,"showParticleSystems":true},"in2DMode":false,"pivot":{"x":-2.6345300674438478,"y":-1.708086609840393,"z":8.74215030670166},"rotation":{"x":-0.07224512100219727,"y":-0.014355896972119809,"z":0.0009752255282364786,"w":-0.9973449110984802},"size":6.451766014099121,"orthographic":false}