{"cameraMode":{"drawMode":0,"name":"Shaded","section":"Shading Mode"},"sceneLighting":false,"audioPlay":false,"sceneViewState":{"showFog":true,"showMaterialUpdate":false,"showSkybox":false,"showFlares":true,"showImageEffects":true,"showParticleSystems":true},"in2DMode":false,"pivot":{"x":-2.625563859939575,"y":-1.4647210836410523,"z":6.108192443847656},"rotation":{"x":-0.21681123971939088,"y":0.08101310580968857,"z":-0.01815231703221798,"w":-0.9727392196655273},"size":6.153681755065918,"orthographic":false}